0.018537167529834798,0.009474992752075195,gini,best,1,2,0.01
0.009336152403381912,0.008975803852081299,gini,random,1,2,0.01
0.011980705441613228,0.005734741687774658,gini,best,1,5,0.01
0.012897935051035085,0.00897592306137085,gini,random,1,5,0.01
0.014270192467276736,0.006482422351837158,gini,best,1,10,0.01
0.013672494510793682,0.006233274936676025,gini,random,1,10,0.01
0.025540881283709835,0.00922548770904541,gini,best,1,2,0.1
0.019615202116892032,0.006981253623962402,gini,random,1,2,0.1
0.025721905507357135,0.008227765560150146,gini,best,1,5,0.1
0.019459007186029942,0.00523608922958374,gini,random,1,5,0.1
0.03070579878250943,0.006731927394866943,gini,best,1,10,0.1
0.02178508132228975,0.005485355854034424,gini,random,1,10,0.1
0.02935320572751713,0.008976280689239502,gini,best,1,2,0.2
0.028207771413431178,0.005740821361541748,gini,random,1,2,0.2
0.028852101859078168,0.00875169038772583,gini,best,1,5,0.2
0.027085477844552456,0.006495356559753418,gini,random,1,5,0.2
0.02902579601127415,0.008745133876800537,gini,best,1,10,0.2
0.029560975562842456,0.005990505218505859,gini,random,1,10,0.2
0.031292897424306805,0.012221813201904297,gini,best,1,2,0.4
0.022352852658576006,0.006744325160980225,gini,random,1,2,0.4
0.028477549317588394,0.012223005294799805,gini,best,1,5,0.4
0.025669224271723325,0.006245732307434082,gini,random,1,5,0.4
0.027761181616796204,0.011967599391937256,gini,best,1,10,0.4
0.02172175831413889,0.006488442420959473,gini,random,1,10,0.4
0.028870960407841737,0.019200623035430908,gini,best,1,2,0.8
0.027113052509239174,0.008233487606048584,gini,random,1,2,0.8
0.02958197592627023,0.02418529987335205,gini,best,1,5,0.8
0.02862944632993598,0.008726358413696289,gini,random,1,5,0.8
0.031232758495471198,0.024933576583862305,gini,best,1,10,0.8
0.026107224788307657,0.01022273302078247,gini,random,1,10,0.8
0.06632610563745799,0.00822758674621582,gini,best,5,2,0.01
0.03635725206307388,0.005984365940093994,gini,random,5,2,0.01
0.06657168790272087,0.00573420524597168,gini,best,5,5,0.01
0.041091693482315325,0.006732165813446045,gini,random,5,5,0.01
0.07230800314365902,0.007728755474090576,gini,best,5,10,0.01
0.0473970422344004,0.005485057830810547,gini,random,5,10,0.01
0.10648811456349197,0.01645594835281372,gini,best,5,2,0.1
0.07230422951172559,0.012466609477996826,gini,random,5,2,0.1
0.1106868220073131,0.01720404624938965,gini,best,5,5,0.1
0.08493389925580339,0.010472118854522705,gini,random,5,5,0.1
0.10133914873680139,0.01621311902999878,gini,best,5,10,0.1
0.07372297855688455,0.011719286441802979,gini,random,5,10,0.1
0.12278010926877045,0.02742689847946167,gini,best,5,2,0.2
0.08881295403998143,0.012217700481414795,gini,random,5,2,0.2
0.1218555375786651,0.026941299438476562,gini,best,5,5,0.2
0.09583728249393751,0.01321476697921753,gini,random,5,5,0.2
0.12123875366491922,0.025687575340270996,gini,best,5,10,0.2
0.08660047586337742,0.012707352638244629,gini,random,5,10,0.2
0.13139480447569463,0.04512894153594971,gini,best,5,2,0.4
0.11036023308109097,0.01845616102218628,gini,random,5,2,0.4
0.12701673169837477,0.04563039541244507,gini,best,5,5,0.4
0.10434451448902717,0.01845705509185791,gini,random,5,5,0.4
0.12815545830945707,0.04412198066711426,gini,best,5,10,0.4
0.10400298441232879,0.018221497535705566,gini,random,5,10,0.4
0.1332115789263863,0.08104008436203003,gini,best,5,2,0.8
0.11907729347637995,0.02419149875640869,gini,random,5,2,0.8
0.13651040347173468,0.08029133081436157,gini,best,5,5,0.8
0.11182555503519284,0.024933278560638428,gini,random,5,5,0.8
0.136033911349069,0.08003473281860352,gini,best,5,10,0.8
0.1108907496863206,0.0224531888961792,gini,random,5,10,0.8
0.12852922425878585,0.007978200912475586,gini,best,10,2,0.01
0.06838452433679151,0.00697481632232666,gini,random,10,2,0.01
0.09873801910315777,0.0082474946975708,gini,best,10,5,0.01
0.07109640568147829,0.006227254867553711,gini,random,10,5,0.01
0.1265901405598644,0.007486224174499512,gini,best,10,10,0.01
0.06282384289651355,0.005734086036682129,gini,random,10,10,0.01
0.1966522248982383,0.02867335081100464,gini,best,10,2,0.1
0.15752170074874927,0.01520925760269165,gini,random,10,2,0.1
0.19809911086615786,0.02842402458190918,gini,best,10,5,0.1
0.1457625568363117,0.015702545642852783,gini,random,10,5,0.1
0.19113075894154333,0.02992004156112671,gini,best,10,10,0.1
0.1486161511089922,0.015957355499267578,gini,random,10,10,0.1
0.21363187048567528,0.050365328788757324,gini,best,10,2,0.2
0.14654332528861677,0.02094423770904541,gini,random,10,2,0.2
0.21572016915034326,0.049367666244506836,gini,best,10,5,0.2
0.16653672259994645,0.021442711353302002,gini,random,10,5,0.2
0.22396212642498323,0.04986649751663208,gini,best,10,10,0.2
0.16907283858435804,0.022938311100006104,gini,random,10,10,0.2
0.24176082052729903,0.08751547336578369,gini,best,10,2,0.4
0.198472447231938,0.03341066837310791,gini,random,10,2,0.4
0.23828306744274125,0.0862816572189331,gini,best,10,5,0.4
0.19206716378801925,0.03266263008117676,gini,random,10,5,0.4
0.23727233556047134,0.08527183532714844,gini,best,10,10,0.4
0.1853746145173171,0.02917182445526123,gini,random,10,10,0.4
0.24288048848051266,0.15482771396636963,gini,best,10,2,0.8
0.22231648820411487,0.055102407932281494,gini,random,10,2,0.8
0.2431524944955565,0.15358906984329224,gini,best,10,5,0.8
0.21644490152981227,0.05285918712615967,gini,random,10,5,0.8
0.24461091813253438,0.15085238218307495,gini,best,10,10,0.8
0.20992771188804699,0.049124956130981445,gini,random,10,10,0.8
0.19937128394796966,0.012217462062835693,gini,best,20,2,0.01
0.13656862752619248,0.008726537227630615,gini,random,20,2,0.01
0.19585254624796786,0.011483609676361084,gini,best,20,5,0.01
0.13913469208678406,0.010220646858215332,gini,random,20,5,0.01
0.21202726642192435,0.010970354080200195,gini,best,20,10,0.01
0.1337372006202505,0.008739352226257324,gini,random,20,10,0.01
0.3268433539856661,0.057347118854522705,gini,best,20,2,0.1
0.24836838469793776,0.02869337797164917,gini,random,20,2,0.1
0.3164881083978901,0.056107282638549805,gini,best,20,5,0.1
0.2457745338947136,0.02791416645050049,gini,random,20,5,0.1
0.3263401549256875,0.05285853147506714,gini,best,20,10,0.1
0.23060110660633024,0.028443634510040283,gini,random,20,10,0.1
0.343512150499903,0.09823715686798096,gini,best,20,2,0.2
0.2902412975523906,0.05012154579162598,gini,random,20,2,0.2
0.349177567972589,0.09152567386627197,gini,best,20,5,0.2
0.2885237241359799,0.04217565059661865,gini,random,20,5,0.2
0.3467069420235317,0.09249866008758545,gini,best,20,10,0.2
0.2739194859332768,0.041144728660583496,gini,random,20,10,0.2
0.35048259778579505,0.17131125926971436,gini,best,20,2,0.4
0.2999425205531255,0.07131564617156982,gini,random,20,2,0.4
0.3494541391266078,0.1653265357017517,gini,best,20,5,0.4
0.30608091006543275,0.07133549451828003,gini,random,20,5,0.4
0.35602492450739365,0.16206085681915283,gini,best,20,10,0.4
0.3174164951486877,0.0645904541015625,gini,random,20,10,0.4
0.3586718459085261,0.31716519594192505,gini,best,20,2,0.8
0.3331702724652427,0.14062881469726562,gini,random,20,2,0.8
0.3523334188912049,0.30747634172439575,gini,best,20,5,0.8
0.32386816075493263,0.12219035625457764,gini,random,20,5,0.8
0.35678478643777567,0.30020278692245483,gini,best,20,10,0.8
0.31631059403012424,0.1174803376197815,gini,random,20,10,0.8
0.32157410455405566,0.024191856384277344,gini,best,40,2,0.01
0.2359873194622108,0.017206668853759766,gini,random,40,2,0.01
0.286905099786624,0.021199285984039307,gini,best,40,5,0.01
0.2172470086468788,0.01522749662399292,gini,random,40,5,0.01
0.29026237660490395,0.01945418119430542,gini,best,40,10,0.01
0.2054086959673825,0.01447373628616333,gini,random,40,10,0.01
0.4210406861892375,0.10821694135665894,gini,best,40,2,0.1
0.36483615612993,0.06457710266113281,gini,random,40,2,0.1
0.41212493520538374,0.09877246618270874,gini,best,40,5,0.1
0.37022500885869414,0.060344398021698,gini,random,40,5,0.1
0.4167003216710469,0.09320974349975586,gini,best,40,10,0.1
0.36656712657477664,0.05546748638153076,gini,random,40,10,0.1
0.41952300937347187,0.17478108406066895,gini,best,40,2,0.2
0.39773503837772045,0.1019895076751709,gini,random,40,2,0.2
0.42056362919839585,0.16730868816375732,gini,best,40,5,0.2
0.40169139224367134,0.1017342209815979,gini,random,40,5,0.2
0.4187688051880195,0.1630709171295166,gini,best,40,10,0.2
0.39496000092028377,0.08928048610687256,gini,random,40,10,0.2
0.4257275088176259,0.31042373180389404,gini,best,40,2,0.4
0.4117407943217057,0.17902076244354248,gini,random,40,2,0.4
0.41895567444032683,0.29571712017059326,gini,best,40,5,0.4
0.41213990042391946,0.1623159646987915,gini,random,40,5,0.4
0.4181690296859128,0.28874003887176514,gini,best,40,10,0.4
0.41441302510785316,0.1548551321029663,gini,random,40,10,0.4
0.42689682308968957,0.5652558207511902,gini,best,40,2,0.8
0.4172540801977844,0.3119152784347534,gini,random,40,2,0.8
0.42334002387027797,0.5480284690856934,gini,best,40,5,0.8
0.41368553127958385,0.29298317432403564,gini,random,40,5,0.8
0.4227880377238989,0.535222053527832,gini,best,40,10,0.8
0.41624806824433547,0.27202165126800537,gini,random,40,10,0.8
0.35588572406611313,0.03541731834411621,gini,best,60,2,0.01
0.2735204069274787,0.026185929775238037,gini,random,60,2,0.01
0.3551915364190114,0.03017568588256836,gini,best,60,5,0.01
0.25913150561968046,0.0216904878616333,gini,random,60,5,0.01
0.35057056793719193,0.027421176433563232,gini,best,60,10,0.01
0.28600957630693974,0.01870584487915039,gini,random,60,10,0.01
0.45429951667174595,0.1378820538520813,gini,best,60,2,0.1
0.41799136193745345,0.09824317693710327,gini,random,60,2,0.1
0.4458996084890192,0.12741029262542725,gini,best,60,5,0.1
0.4157176587127973,0.08802759647369385,gini,random,60,5,0.1
0.4547847246254162,0.11969923973083496,gini,best,60,10,0.1
0.41215593355381736,0.08153223991394043,gini,random,60,10,0.1
0.45533643735844925,0.22090232372283936,gini,best,60,2,0.2
0.4442580459143618,0.14686328172683716,gini,random,60,2,0.2
0.45924209685998535,0.2135908603668213,gini,best,60,5,0.2
0.44255127906532465,0.1346954107284546,gini,random,60,5,0.2
0.45358412914335894,0.2146756649017334,gini,best,60,10,0.2
0.44501883417429644,0.13139867782592773,gini,random,60,10,0.2
0.4548183317613726,0.4034338593482971,gini,best,60,2,0.4
0.4535484671196284,0.24134767055511475,gini,random,60,2,0.4
0.4594929350033815,0.37923556566238403,gini,best,60,5,0.4
0.44916819902501237,0.22987836599349976,gini,random,60,5,0.4
0.4604545558910024,0.35781919956207275,gini,best,60,10,0.4
0.4457661640918591,0.21643519401550293,gini,random,60,10,0.4
0.4569016958917872,0.7063740491867065,gini,best,60,2,0.8
0.4553752895745907,0.40267932415008545,gini,random,60,2,0.8
0.4551181537767889,0.685422956943512,gini,best,60,5,0.8
0.4570587609635086,0.3956789970397949,gini,random,60,5,0.8
0.45774211837673867,0.6682043671607971,gini,best,60,10,0.8
0.456531203720029,0.36777764558792114,gini,random,60,10,0.8
0.3787648419353743,0.047379493713378906,gini,best,80,2,0.01
0.30809020169350687,0.032664358615875244,gini,random,80,2,0.01
0.396663550380869,0.03665536642074585,gini,best,80,5,0.01
0.32478424458540783,0.028673291206359863,gini,random,80,5,0.01
0.4011292906009825,0.03366631269454956,gini,best,80,10,0.01
0.31630441177676205,0.02866685390472412,gini,random,80,10,0.01
0.4664158589995843,0.15684235095977783,gini,best,80,2,0.1
0.4429129185646999,0.10947650671005249,gini,random,80,2,0.1
0.4640245400803137,0.14512419700622559,gini,best,80,5,0.1
0.45196882081590545,0.10397768020629883,gini,random,80,5,0.1
0.47293039398905407,0.13640165328979492,gini,best,80,10,0.1
0.4418870251326509,0.09725862741470337,gini,random,80,10,0.1
0.4715709978853781,0.2543209195137024,gini,best,80,2,0.2
0.4734070181841841,0.17079275846481323,gini,random,80,2,0.2
0.46162697308846334,0.23960304260253906,gini,best,80,5,0.2
0.46679567819261203,0.16034001111984253,gini,random,80,5,0.2
0.46915186991852464,0.23237526416778564,gini,best,80,10,0.2
0.46698307000847766,0.1496296525001526,gini,random,80,10,0.2
0.4718334631297805,0.48245900869369507,gini,best,80,2,0.4
0.47710618651078074,0.30767011642456055,gini,random,80,2,0.4
0.47372751205626507,0.4505513310432434,gini,best,80,5,0.4
0.47633654519462726,0.27876073122024536,gini,random,80,5,0.4
0.47555486246187706,0.42411553859710693,gini,best,80,10,0.4
0.47420123889584687,0.2565769553184509,gini,random,80,10,0.4
0.47590432509127223,0.8021113276481628,gini,best,80,2,0.8
0.47950144049147236,0.502405047416687,gini,random,80,2,0.8
0.4700648638591801,0.7697052359580994,gini,best,80,5,0.8
0.4818544647754389,0.4610443115234375,gini,random,80,5,0.8
0.47363226790922897,0.7699043154716492,gini,best,80,10,0.8
0.47780962433845636,0.4372851848602295,gini,random,80,10,0.8
0.41040043770327334,0.05361694097518921,gini,best,100,2,0.01
0.33185661698562463,0.04415172338485718,gini,random,100,2,0.01
0.403351264008908,0.04438096284866333,gini,best,100,5,0.01
0.34860331900966257,0.037163496017456055,gini,random,100,5,0.01
0.4033125574863109,0.03940713405609131,gini,best,100,10,0.01
0.3547057888724504,0.03091675043106079,gini,random,100,10,0.01
0.4791792367483422,0.17503881454467773,gini,best,100,2,0.1
0.4678906070138173,0.13064467906951904,gini,random,100,2,0.1
0.4745885740848082,0.1613181233406067,gini,best,100,5,0.1
0.47169087617919564,0.11694347858428955,gini,random,100,5,0.1
0.4729458688503507,0.15232890844345093,gini,best,100,10,0.1
0.46971018388880337,0.10722571611404419,gini,random,100,10,0.1
0.4749448941543748,0.27901703119277954,gini,best,100,2,0.2
0.4794387475491335,0.19423985481262207,gini,random,100,2,0.2
0.47026957079146176,0.26305222511291504,gini,best,100,5,0.2
0.4822931771982943,0.17779773473739624,gini,random,100,5,0.2
0.48083912795398087,0.25083476305007935,gini,best,100,10,0.2
0.48063755718676426,0.1655762791633606,gini,random,100,10,0.2
0.4770774017236281,0.481456458568573,gini,best,100,2,0.4
0.4761150526888092,0.32738715410232544,gini,random,100,2,0.4
0.4798254807295766,0.46126657724380493,gini,best,100,5,0.4
0.47920184172313185,0.2987145185470581,gini,random,100,5,0.4
0.4771750058380549,0.44407546520233154,gini,best,100,10,0.4
0.4879164728241604,0.27651292085647583,gini,random,100,10,0.4
0.4803397111712714,0.8803958892822266,gini,best,100,2,0.8
0.483967035386363,0.5470306277275085,gini,random,100,2,0.8
0.47712796801721263,0.83428955078125,gini,best,100,5,0.8
0.49105405782335165,0.5031806826591492,gini,random,100,5,0.8
0.4802221941472918,0.8228068947792053,gini,best,100,10,0.8
0.48481873719944274,0.48172295093536377,gini,random,100,10,0.8
0.41309216136221005,0.0615919828414917,gini,best,120,2,0.01
0.3760456731382841,0.049124062061309814,gini,random,120,2,0.01
0.4086882836912209,0.047871291637420654,gini,best,120,5,0.01
0.3603447283889202,0.039641499519348145,gini,random,120,5,0.01
0.42458529619453356,0.04238384962081909,gini,best,120,10,0.01
0.3673830191336685,0.03590190410614014,gini,random,120,10,0.01
0.4726488757936802,0.17976891994476318,gini,best,120,2,0.1
0.47372657876975516,0.14063000679016113,gini,random,120,2,0.1
0.47604863532902747,0.1683943271636963,gini,best,120,5,0.1
0.47844359610397547,0.12371581792831421,gini,random,120,5,0.1
0.48080155716912676,0.16357189416885376,gini,best,120,10,0.1
0.47694932100169113,0.11670881509780884,gini,random,120,10,0.1
0.47360761303494875,0.29845815896987915,gini,best,120,2,0.2
0.4821237622025566,0.21342957019805908,gini,random,120,2,0.2
0.4798253033149589,0.2842346429824829,gini,best,120,5,0.2
0.49039485247523995,0.19521427154541016,gini,random,120,5,0.2
0.47236671704407884,0.27029693126678467,gini,best,120,10,0.2
0.47553980055505957,0.1852477788925171,gini,random,120,10,0.2
0.47430367245916416,0.5205948948860168,gini,best,120,2,0.4
0.49791427719438625,0.33935582637786865,gini,random,120,2,0.4
0.4747625350711423,0.5009117722511292,gini,best,120,5,0.4
0.4842228838771444,0.3308725953102112,gini,random,120,5,0.4
0.47909299422721585,0.4697558283805847,gini,best,120,10,0.4
0.4850373359579857,0.30071061849594116,gini,random,120,10,0.4
0.4784192032207303,0.9462928771972656,gini,best,120,2,0.8
0.4843899796837341,0.5917440056800842,gini,random,120,2,0.8
0.4780914599056563,0.9255187511444092,gini,best,120,5,0.8
0.48217988634912284,0.5742076635360718,gini,random,120,5,0.8
0.4782865409705238,0.8949987888336182,gini,best,120,10,0.8
0.4860354790234438,0.527001678943634,gini,random,120,10,0.8
0.42094097139361025,0.06682616472244263,gini,best,150,2,0.01
0.3775468597894947,0.061337053775787354,gini,random,150,2,0.01
0.4208603370369323,0.05485290288925171,gini,best,150,5,0.01
0.3827079843880473,0.04737311601638794,gini,random,150,5,0.01
0.438085654978956,0.04812139272689819,gini,best,150,10,0.01
0.37918528189829215,0.04238700866699219,gini,random,150,10,0.01
0.47212393169560996,0.2039620280265808,gini,best,150,2,0.1
0.484099409320501,0.15634453296661377,gini,random,150,2,0.1
0.4822133174367672,0.1889946460723877,gini,best,150,5,0.1
0.4827897838359861,0.1461094617843628,gini,random,150,5,0.1
0.47722150576773453,0.1777856945991516,gini,best,150,10,0.1
0.48391626184281367,0.12967103719711304,gini,random,150,10,0.1
0.47419447364840794,0.3288766145706177,gini,best,150,2,0.2
0.4967761000101049,0.23040252923965454,gini,random,150,2,0.2
0.48115203621323166,0.3226304054260254,gini,best,150,5,0.2
0.48226035112156385,0.23088204860687256,gini,random,150,5,0.2
0.47937717220890125,0.2922309637069702,gini,best,150,10,0.2
0.4879798178495237,0.19897925853729248,gini,random,150,10,0.2
0.476138539194034,0.567254364490509,gini,best,150,2,0.4
0.4879434291624635,0.38397300243377686,gini,random,150,2,0.4
0.4849044316519631,0.5310857892036438,gini,best,150,5,0.4
0.4872788494838059,0.3485751152038574,gini,random,150,5,0.4
0.47966543125925987,0.4961920976638794,gini,best,150,10,0.4
0.4796096623874368,0.3278857469558716,gini,random,150,10,0.4
0.4815331057057311,1.0070781707763672,gini,best,150,2,0.8
0.4930964148602007,0.6418058276176453,gini,random,150,2,0.8
0.4785916804329735,0.9691846370697021,gini,best,150,5,0.8
0.4823379300015986,0.6041473746299744,gini,random,150,5,0.8
0.4832644917055554,0.9232807755470276,gini,best,150,10,0.8
0.48848532014462126,0.5665069222450256,gini,random,150,10,0.8
0.418613471739844,0.07258164882659912,gini,best,200,2,0.01
0.392049113170056,0.06531864404678345,gini,random,200,2,0.01
0.43971209578584075,0.056835055351257324,gini,best,200,5,0.01
0.3915082202225023,0.05112648010253906,gini,random,200,5,0.01
0.452686458629154,0.04862028360366821,gini,best,200,10,0.01
0.4250061802550842,0.04214435815811157,gini,random,200,10,0.01
0.4746863568491606,0.20794141292572021,gini,best,200,2,0.1
0.49016744270380536,0.16657012701034546,gini,random,200,2,0.1
0.47579582683092236,0.19323444366455078,gini,best,200,5,0.1
0.49288780042371494,0.14811241626739502,gini,random,200,5,0.1
0.47808445391724363,0.1755298376083374,gini,best,200,10,0.1
0.49447109706226605,0.1373978853225708,gini,random,200,10,0.1
0.4838873909450631,0.33985984325408936,gini,best,200,2,0.2
0.48670926999697883,0.24684351682662964,gini,random,200,2,0.2
0.48727072210268685,0.32114046812057495,gini,best,200,5,0.2
0.4995245850848147,0.23264706134796143,gini,random,200,5,0.2
0.4836354844878539,0.29944926500320435,gini,best,200,10,0.2
0.49439836581367574,0.21094781160354614,gini,random,200,10,0.2
0.48194469486496877,0.606376588344574,gini,best,200,2,0.4
0.49428558167018943,0.4138868451118469,gini,random,200,2,0.4
0.4844048036677775,0.5816941261291504,gini,best,200,5,0.4
0.49518556819360054,0.3922014832496643,gini,random,200,5,0.4
0.48186685323163053,0.5532829761505127,gini,best,200,10,0.4
0.4918305418278829,0.3672674298286438,gini,random,200,10,0.4
0.48567234366780687,1.094579041004181,gini,best,200,2,0.8
0.4987147256458108,0.708611249923706,gini,random,200,2,0.8
0.4870005226682292,1.0517092943191528,gini,best,200,5,0.8
0.49387381150472076,0.669468879699707,gini,random,200,5,0.8
0.47985076005519656,1.0065322518348694,gini,best,200,10,0.8
0.49791878035525583,0.6174319386482239,gini,random,200,10,0.8
0.02047499006120338,0.005983591079711914,entropy,best,1,2,0.01
0.00943311510530862,0.0047370195388793945,entropy,random,1,2,0.01
0.01875305188511874,0.0052359700202941895,entropy,best,1,5,0.01
0.015298402481576559,0.004488229751586914,entropy,random,1,5,0.01
0.017546396512174933,0.00498652458190918,entropy,best,1,10,0.01
0.010554279950029536,0.004488646984100342,entropy,random,1,10,0.01
0.02368242903738297,0.012217104434967041,entropy,best,1,2,0.1
0.0164586052327462,0.004980564117431641,entropy,random,1,2,0.1
0.024640949771446482,0.013461709022521973,entropy,best,1,5,0.1
0.02090515011677176,0.004737675189971924,entropy,random,1,5,0.1
0.02922072245409026,0.01146787405014038,entropy,best,1,10,0.1
0.016980634101549746,0.00449371337890625,entropy,random,1,10,0.1
0.023076607897329404,0.02143728733062744,entropy,best,1,2,0.2
0.019051167849737496,0.005227208137512207,entropy,random,1,2,0.2
0.027638788950536505,0.021821022033691406,entropy,best,1,5,0.2
0.019970479417153165,0.005740940570831299,entropy,random,1,5,0.2
0.02321994840593432,0.021192967891693115,entropy,best,1,10,0.2
0.02825333952845796,0.00672459602355957,entropy,random,1,10,0.2
0.030246793907735124,0.038153886795043945,entropy,best,1,2,0.4
0.025349987297551602,0.007479488849639893,entropy,random,1,2,0.4
0.028751894358130838,0.03915131092071533,entropy,best,1,5,0.4
0.02597510972361746,0.006981372833251953,entropy,random,1,5,0.4
0.029532829644459413,0.03889584541320801,entropy,best,1,10,0.4
0.025053007224178744,0.006731927394866943,entropy,random,1,10,0.4
0.03144681638485628,0.07231861352920532,entropy,best,1,2,0.8
0.026931808254079502,0.009231209754943848,entropy,random,1,2,0.8
0.03154732519492006,0.07181346416473389,entropy,best,1,5,0.8
0.02766796551669909,0.009480059146881104,entropy,random,1,5,0.8
0.03162277746741932,0.07256412506103516,entropy,best,1,10,0.8
0.02468126326979433,0.009218752384185791,entropy,random,1,10,0.8
0.07323022212992175,0.008483290672302246,entropy,best,5,2,0.01
0.040284410076959695,0.004751026630401611,entropy,random,5,2,0.01
0.08075256598944876,0.008716881275177002,entropy,best,5,5,0.01
0.042390438344371235,0.004743635654449463,entropy,random,5,5,0.01
0.07945892708960875,0.009231925010681152,entropy,best,5,10,0.01
0.04541247153681664,0.004998147487640381,entropy,random,5,10,0.01
0.1147824869585349,0.04911947250366211,entropy,best,5,2,0.1
0.07646124852618177,0.009972214698791504,entropy,random,5,2,0.1
0.11014214291750994,0.045129239559173584,entropy,best,5,5,0.1
0.07907672490778923,0.011208295822143555,entropy,random,5,5,0.1
0.11275991617722067,0.04713118076324463,entropy,best,5,10,0.1
0.08541272023157387,0.010217010974884033,entropy,random,5,10,0.1
0.1265463586245266,0.08552724123001099,entropy,best,5,2,0.2
0.09017965572175834,0.0152168869972229,entropy,random,5,2,0.2
0.12089172834195364,0.08752238750457764,entropy,best,5,5,0.2
0.09082453233726967,0.01322096586227417,entropy,random,5,5,0.2
0.12185805930611388,0.08552289009094238,entropy,best,5,10,0.2
0.09867139357440315,0.014217734336853027,entropy,random,5,10,0.2
0.1419526912969875,0.16730886697769165,entropy,best,5,2,0.4
0.10974516363176218,0.021696627140045166,entropy,random,5,2,0.4
0.13981478220896634,0.1675506830215454,entropy,best,5,5,0.4
0.10610209297983436,0.022190511226654053,entropy,random,5,5,0.4
0.13655846900730415,0.1673622727394104,entropy,best,5,10,0.4
0.10412036494129452,0.0216866135597229,entropy,random,5,10,0.4
0.13462077210026002,0.3216399550437927,entropy,best,5,2,0.8
0.11254190464691897,0.032912611961364746,entropy,random,5,2,0.8
0.1377646204207179,0.3236547112464905,entropy,best,5,5,0.8
0.1159833636727688,0.03217637538909912,entropy,random,5,5,0.8
0.14072136094008345,0.3209042549133301,entropy,best,5,10,0.8
0.11742003268266124,0.03118276596069336,entropy,random,5,10,0.8
0.11358375669850702,0.013962805271148682,entropy,best,10,2,0.01
0.08820890509569633,0.006233274936676025,entropy,random,10,2,0.01
0.11928198577486387,0.014217555522918701,entropy,best,10,5,0.01
0.08110601441081783,0.0067258477210998535,entropy,random,10,5,0.01
0.10862926528463726,0.012965261936187744,entropy,best,10,10,0.01
0.07675547929958054,0.006255447864532471,entropy,random,10,10,0.01
0.19960273013380977,0.08876276016235352,entropy,best,10,2,0.1
0.14479758963339576,0.01920551061630249,entropy,random,10,2,0.1
0.20912130948181462,0.08875679969787598,entropy,best,10,5,0.1
0.15405289650922613,0.021447479724884033,entropy,random,10,5,0.1
0.21124685994045328,0.08503663539886475,entropy,best,10,10,0.1
0.13922922383670988,0.02168494462966919,entropy,random,10,10,0.1
0.22394450469923505,0.16407805681228638,entropy,best,10,2,0.2
0.17189901261212984,0.03416472673416138,entropy,random,10,2,0.2
0.22059511925104636,0.1650652289390564,entropy,best,10,5,0.2
0.1816858776035818,0.03192943334579468,entropy,random,10,5,0.2
0.232684649251591,0.1605895757675171,entropy,best,10,10,0.2
0.15833232962757654,0.02941495180130005,entropy,random,10,10,0.2
0.254552009643092,0.31391799449920654,entropy,best,10,2,0.4
0.19189180540880402,0.05086469650268555,entropy,random,10,2,0.4
0.24578338277980866,0.31017154455184937,entropy,best,10,5,0.4
0.1793312985309535,0.050370991230010986,entropy,random,10,5,0.4
0.2415087102156507,0.30444252490997314,entropy,best,10,10,0.4
0.19585555702867377,0.050372421741485596,entropy,random,10,10,0.4
0.24484665570514297,0.601150393486023,entropy,best,10,2,0.8
0.21381321598505026,0.08154475688934326,entropy,random,10,2,0.8
0.2515353366858172,0.6106336712837219,entropy,best,10,5,0.8
0.22265767436112846,0.0837894082069397,entropy,random,10,5,0.8
0.25339148526471916,0.590197741985321,entropy,best,10,10,0.8
0.21806738001048723,0.08103281259536743,entropy,random,10,10,0.8
0.1978006810213457,0.025182604789733887,entropy,best,20,2,0.01
0.13204689130811298,0.011220216751098633,entropy,random,20,2,0.01
0.20424812055542063,0.024683833122253418,entropy,best,20,5,0.01
0.13452468207854346,0.009973347187042236,entropy,random,20,5,0.01
0.20552806300367796,0.022196590900421143,entropy,best,20,10,0.01
0.14014415745956635,0.009470582008361816,entropy,random,20,10,0.01
0.3121390191338736,0.16605627536773682,entropy,best,20,2,0.1
0.23943848742410798,0.05112051963806152,entropy,random,20,2,0.1
0.31139968764766085,0.16105526685714722,entropy,best,20,5,0.1
0.24169562985060888,0.04115325212478638,entropy,random,20,5,0.1
0.32242178013166733,0.15484654903411865,entropy,best,20,10,0.1
0.2380321009596459,0.04439127445220947,entropy,random,20,10,0.1
0.3259923199171192,0.3161684274673462,entropy,best,20,2,0.2
0.2764322650300966,0.08327746391296387,entropy,random,20,2,0.2
0.33784486176030337,0.3007129430770874,entropy,best,20,5,0.2
0.2787777252318737,0.07879066467285156,entropy,random,20,5,0.2
0.32332549727621185,0.29149699211120605,entropy,best,20,10,0.2
0.28036767461376166,0.06881552934646606,entropy,random,20,10,0.2
0.34552922397577224,0.5625120997428894,entropy,best,20,2,0.4
0.297775203881177,0.1378859281539917,entropy,random,20,2,0.4
0.3400051127441272,0.5454179048538208,entropy,best,20,5,0.4
0.3103060295921855,0.1361427903175354,entropy,random,20,5,0.4
0.34518215715867506,0.535444438457489,entropy,best,20,10,0.4
0.3049236229783164,0.11893212795257568,entropy,random,20,10,0.4
0.34689035665705853,1.0814989805221558,entropy,best,20,2,0.8
0.3280823461557516,0.2750091552734375,entropy,random,20,2,0.8
0.348079657479092,1.0561988353729248,entropy,best,20,5,0.8
0.3270592977373123,0.2281472086906433,entropy,random,20,5,0.8
0.35293730451747624,1.0110739469528198,entropy,best,20,10,0.8
0.32741725964867463,0.22279518842697144,entropy,random,20,10,0.8
0.28315608693322847,0.05161166191101074,entropy,best,40,2,0.01
0.20006952759399116,0.02742534875869751,entropy,random,40,2,0.01
0.2706673868345032,0.045122742652893066,entropy,best,40,5,0.01
0.19882079027965469,0.021692097187042236,entropy,random,40,5,0.01
0.2771687216941752,0.0384027361869812,entropy,best,40,10,0.01
0.21629419805766265,0.01969730854034424,entropy,random,40,10,0.01
0.3707158510847363,0.2786518931388855,entropy,best,40,2,0.1
0.35108656346920547,0.10995596647262573,entropy,random,40,2,0.1
0.352426039629743,0.2646765112876892,entropy,best,40,5,0.1
0.3362353109809213,0.10969966650009155,entropy,random,40,5,0.1
0.3684403349026347,0.24882781505584717,entropy,best,40,10,0.1
0.33139697193406686,0.0912625789642334,entropy,random,40,10,0.1
0.3719277033332394,0.4749795198440552,entropy,best,40,2,0.2
0.3633973838135603,0.1840198040008545,entropy,random,40,2,0.2
0.36436122082902056,0.4478030204772949,entropy,best,40,5,0.2
0.3548625910326313,0.1757921576499939,entropy,random,40,5,0.2
0.3597450689611376,0.42985111474990845,entropy,best,40,10,0.2
0.3617123895526251,0.14213258028030396,entropy,random,40,10,0.2
0.36146226521192826,0.862727701663971,entropy,best,40,2,0.4
0.36826185142358636,0.3109467029571533,entropy,random,40,2,0.4
0.37152482862564457,0.829291582107544,entropy,best,40,5,0.4
0.3576575236391514,0.2909778356552124,entropy,random,40,5,0.4
0.3611652158782096,0.7811736464500427,entropy,best,40,10,0.4
0.3741916350292436,0.2548382878303528,entropy,random,40,10,0.4
0.36168140093928763,1.5895264744758606,entropy,best,40,2,0.8
0.38239956103321143,0.5575234293937683,entropy,random,40,2,0.8
0.36242953715948234,1.542900264263153,entropy,best,40,5,0.8
0.3674961113294718,0.5161242485046387,entropy,random,40,5,0.8
0.36985059854719476,1.500992238521576,entropy,best,40,10,0.8
0.36801289511862734,0.4600207805633545,entropy,random,40,10,0.8
0.2795463049906312,0.07532316446304321,entropy,best,60,2,0.01
0.2471122320820537,0.04237949848175049,entropy,random,60,2,0.01
0.29792467599092615,0.05884271860122681,entropy,best,60,5,0.01
0.2576692842685753,0.03365969657897949,entropy,random,60,5,0.01
0.307463342479538,0.049623727798461914,entropy,best,60,10,0.01
0.2385377375783805,0.028162062168121338,entropy,random,60,10,0.01
0.3739676187412243,0.3336266279220581,entropy,best,60,2,0.1
0.3775066056239462,0.15933042764663696,entropy,random,60,2,0.1
0.36392944453182674,0.30593734979629517,entropy,best,60,5,0.1
0.37125327732202074,0.14837908744812012,entropy,random,60,5,0.1
0.3708387602040134,0.2927171587944031,entropy,best,60,10,0.1
0.34704527513386013,0.12767142057418823,entropy,random,60,10,0.1
0.36764274718665374,0.5609961152076721,entropy,best,60,2,0.2
0.39181735978408055,0.25134170055389404,entropy,random,60,2,0.2
0.36731104850106777,0.527590811252594,entropy,best,60,5,0.2
0.3786222197383188,0.22617077827453613,entropy,random,60,5,0.2
0.37655055299783546,0.4954459071159363,entropy,best,60,10,0.2
0.37578449930657015,0.19972199201583862,entropy,random,60,10,0.2
0.3712070411121686,0.9889050126075745,entropy,best,60,2,0.4
0.3721643666691468,0.4321235418319702,entropy,random,60,2,0.4
0.3666773132735719,0.9217914342880249,entropy,best,60,5,0.4
0.38898331277704545,0.3677659034729004,entropy,random,60,5,0.4
0.378325120653021,0.8754229545593262,entropy,best,60,10,0.4
0.3883557997963019,0.33262336254119873,entropy,random,60,10,0.4
0.37584831872818564,1.8203986287117004,entropy,best,60,2,0.8
0.38708363073707763,0.721321702003479,entropy,random,60,2,0.8
0.37215212187876173,1.756109356880188,entropy,best,60,5,0.8
0.39025011606145743,0.6333196759223938,entropy,random,60,5,0.8
0.3727502368148137,1.7056816220283508,entropy,best,60,10,0.8
0.3856624352969284,0.5889281034469604,entropy,random,60,10,0.8
0.30573458980026225,0.08702993392944336,entropy,best,80,2,0.01
0.270111892130651,0.06208306550979614,entropy,random,80,2,0.01
0.30890541639308833,0.06882238388061523,entropy,best,80,5,0.01
0.26705024490554036,0.043134868144989014,entropy,random,80,5,0.01
0.3311853724152106,0.06158524751663208,entropy,best,80,10,0.01
0.26644327150054303,0.03665339946746826,entropy,random,80,10,0.01
0.37058083404295816,0.36376476287841797,entropy,best,80,2,0.1
0.3721871078407304,0.1969670057296753,entropy,random,80,2,0.1
0.3703167382150561,0.33586549758911133,entropy,best,80,5,0.1
0.3648320186324784,0.17352885007858276,entropy,random,80,5,0.1
0.3710270781189944,0.30196285247802734,entropy,best,80,10,0.1
0.37558248136419126,0.14311730861663818,entropy,random,80,10,0.1
0.371148628972863,0.6250860095024109,entropy,best,80,2,0.2
0.39275342534918223,0.31865400075912476,entropy,random,80,2,0.2
0.3763089621911473,0.5834459662437439,entropy,best,80,5,0.2
0.3835511538099223,0.2787551283836365,entropy,random,80,5,0.2
0.37251352180429304,0.5253368020057678,entropy,best,80,10,0.2
0.38692139350643534,0.22840029001235962,entropy,random,80,10,0.2
0.37617161475556077,1.0544705390930176,entropy,best,80,2,0.4
0.38831845088336586,0.4807143807411194,entropy,random,80,2,0.4
0.3685122917583857,0.9938693046569824,entropy,best,80,5,0.4
0.3941520966362212,0.41465336084365845,entropy,random,80,5,0.4
0.3751827394839916,0.9502461552619934,entropy,best,80,10,0.4
0.3979657821293949,0.36431044340133667,entropy,random,80,10,0.4
0.37578654077120544,1.9188888669013977,entropy,best,80,2,0.8
0.38001416580601155,0.797399640083313,entropy,random,80,2,0.8
0.3770496991497139,1.8249026536941528,entropy,best,80,5,0.8
0.39020603421432165,0.7155987024307251,entropy,random,80,5,0.8
0.3729695481591447,1.7555816173553467,entropy,best,80,10,0.8
0.38601612024362747,0.6480222344398499,entropy,random,80,10,0.8
0.3111977005321102,0.09922623634338379,entropy,best,100,2,0.01
0.276336950515983,0.07005596160888672,entropy,random,100,2,0.01
0.3299114547270529,0.07382208108901978,entropy,best,100,5,0.01
0.2875491648032708,0.04762864112854004,entropy,random,100,5,0.01
0.3221000610768277,0.06284481287002563,entropy,best,100,10,0.01
0.2926384966121764,0.040148019790649414,entropy,random,100,10,0.01
0.36206234647903457,0.38173776865005493,entropy,best,100,2,0.1
0.3716238353828313,0.2156996726989746,entropy,random,100,2,0.1
0.3802663788088375,0.34383684396743774,entropy,best,100,5,0.1
0.3750926469207558,0.18227511644363403,entropy,random,100,5,0.1
0.3865040809620204,0.3201504945755005,entropy,best,100,10,0.1
0.37615924129825357,0.15511173009872437,entropy,random,100,10,0.1
0.3698880192321207,0.6248204708099365,entropy,best,100,2,0.2
0.40065012844027087,0.3166544437408447,entropy,random,100,2,0.2
0.3692200423789102,0.5857033133506775,entropy,best,100,5,0.2
0.3813172981368143,0.2854858636856079,entropy,random,100,5,0.2
0.3669411796911675,0.536092221736908,entropy,best,100,10,0.2
0.3877485949429594,0.24709463119506836,entropy,random,100,10,0.2
0.36648881263521055,1.0961781740188599,entropy,best,100,2,0.4
0.38948118678403354,0.5110296010971069,entropy,random,100,2,0.4
0.37131941836893956,1.0215954184532166,entropy,best,100,5,0.4
0.3949455201285579,0.4463176131248474,entropy,random,100,5,0.4
0.3776319803341179,0.9903578758239746,entropy,best,100,10,0.4
0.38356460619023625,0.4039257764816284,entropy,random,100,10,0.4
0.3657998644389106,1.9662410020828247,entropy,best,100,2,0.8
0.3732302583374185,0.8383077383041382,entropy,random,100,2,0.8
0.37570752814211245,1.8861990571022034,entropy,best,100,5,0.8
0.38005259866508384,0.7545058131217957,entropy,random,100,5,0.8
0.37205355678185864,1.8064424395561218,entropy,best,100,10,0.8
0.38737323225186304,0.6951397657394409,entropy,random,100,10,0.8
0.31181701063035805,0.11145740747451782,entropy,best,120,2,0.01
0.29299792480097225,0.08028519153594971,entropy,random,120,2,0.01
0.33851970413344484,0.0822799801826477,entropy,best,120,5,0.01
0.29923205504351075,0.05386161804199219,entropy,random,120,5,0.01
0.3384482670632524,0.06681501865386963,entropy,best,120,10,0.01
0.30652635546069035,0.0446169376373291,entropy,random,120,10,0.01
0.3646680433998217,0.38847410678863525,entropy,best,120,2,0.1
0.3838695653371805,0.22863829135894775,entropy,random,120,2,0.1
0.3692141401933514,0.3588257431983948,entropy,best,120,5,0.1
0.37604736728490484,0.19886744022369385,entropy,random,120,5,0.1
0.37554983197062464,0.3283713459968567,entropy,best,120,10,0.1
0.37835232994946055,0.16616308689117432,entropy,random,120,10,0.1
0.3764899873645461,0.6640878915786743,entropy,best,120,2,0.2
0.3921443788325432,0.33869993686676025,entropy,random,120,2,0.2
0.36742360876546676,0.6021396517753601,entropy,best,120,5,0.2
0.3814657967814188,0.303436815738678,entropy,random,120,5,0.2
0.37264114104151835,0.5460600852966309,entropy,best,120,10,0.2
0.3926333975450633,0.2618032693862915,entropy,random,120,10,0.2
0.36962468392252745,1.111802875995636,entropy,best,120,2,0.4
0.3866702427130755,0.5308512449264526,entropy,random,120,2,0.4
0.37383370776247415,1.0586946606636047,entropy,best,120,5,0.4
0.3921144812593974,0.47473084926605225,entropy,random,120,5,0.4
0.38012507106731824,0.9831331968307495,entropy,best,120,10,0.4
0.3935953665773989,0.410905659198761,entropy,random,120,10,0.4
0.37385347427223325,2.0268630385398865,entropy,best,120,2,0.8
0.3855845289314645,0.8861505389213562,entropy,random,120,2,0.8
0.36686030975616796,1.9468629956245422,entropy,best,120,5,0.8
0.38938647574820845,0.7831817269325256,entropy,random,120,5,0.8
0.3779355095425657,1.8473173379898071,entropy,best,120,10,0.8
0.38157268424054314,0.7121084332466125,entropy,random,120,10,0.8
0.30206721545156967,0.11469286680221558,entropy,best,150,2,0.01
0.3098622984153356,0.08552086353302002,entropy,random,150,2,0.01
0.33664239895035314,0.08302748203277588,entropy,best,150,5,0.01
0.31124891975935465,0.059104859828948975,entropy,random,150,5,0.01
0.3347748492281809,0.06855207681655884,entropy,best,150,10,0.01
0.3038184718217821,0.04811394214630127,entropy,random,150,10,0.01
0.36966193150671456,0.39940816164016724,entropy,best,150,2,0.1
0.3886212232788487,0.23862427473068237,entropy,random,150,2,0.1
0.3718115647246258,0.3620479702949524,entropy,best,150,5,0.1
0.39713924999146666,0.19922977685928345,entropy,random,150,5,0.1
0.37234258385793095,0.3288830518722534,entropy,best,150,10,0.1
0.3892288353931095,0.17079943418502808,entropy,random,150,10,0.1
0.38193414974175044,0.6624863147735596,entropy,best,150,2,0.2
0.3862131165143799,0.35805386304855347,entropy,random,150,2,0.2
0.37433334521060185,0.6091400980949402,entropy,best,150,5,0.2
0.37897927083544025,0.31241917610168457,entropy,random,150,5,0.2
0.37794830549604685,0.5615115165710449,entropy,best,150,10,0.2
0.39738460079877247,0.26777684688568115,entropy,random,150,10,0.2
0.3666167904030722,1.1397125124931335,entropy,best,150,2,0.4
0.396104086388683,0.5525274872779846,entropy,random,150,2,0.4
0.37271671159675274,1.0696533918380737,entropy,best,150,5,0.4
0.38629130958252184,0.49568063020706177,entropy,random,150,5,0.4
0.37642481246178316,1.0113064050674438,entropy,best,150,10,0.4
0.3763920042427502,0.43260759115219116,entropy,random,150,10,0.4
0.3724705358659751,2.0687685012817383,entropy,best,150,2,0.8
0.37829866629113557,0.9095810055732727,entropy,random,150,2,0.8
0.369445040540117,1.9635602235794067,entropy,best,150,5,0.8
0.3798603037018706,0.8303196430206299,entropy,random,150,5,0.8
0.3709399312300073,1.8717583417892456,entropy,best,150,10,0.8
0.3840947677769485,0.7514978051185608,entropy,random,150,10,0.8
0.312842194638727,0.12118011713027954,entropy,best,200,2,0.01
0.31935910275662627,0.09324979782104492,entropy,random,200,2,0.01
0.3191577353382644,0.08627378940582275,entropy,best,200,5,0.01
0.32682044913834374,0.06583094596862793,entropy,random,200,5,0.01
0.32026519210662086,0.07008177042007446,entropy,best,200,10,0.01
0.3197510160547485,0.052366673946380615,entropy,random,200,10,0.01
0.3741759642341963,0.40292930603027344,entropy,best,200,2,0.1
0.3736234711099224,0.255821168422699,entropy,random,200,2,0.1
0.36174876208447215,0.3650286793708801,entropy,best,200,5,0.1
0.3853547991866877,0.21145391464233398,entropy,random,200,5,0.1
0.3774510683071496,0.3296234607696533,entropy,best,200,10,0.1
0.37259400393715914,0.1790211796760559,entropy,random,200,10,0.1
0.36908699559092567,0.6614745259284973,entropy,best,200,2,0.2
0.3986399454990061,0.36627233028411865,entropy,random,200,2,0.2
0.3742069334503302,0.6151280999183655,entropy,best,200,5,0.2
0.3977186766000549,0.3174179196357727,entropy,random,200,5,0.2
0.37248204693007675,0.5660042762756348,entropy,best,200,10,0.2
0.38971177784856265,0.27303749322891235,entropy,random,200,10,0.2
0.370780068809194,1.1569263339042664,entropy,best,200,2,0.4
0.39688516790583966,0.5739772319793701,entropy,random,200,2,0.4
0.3696897241981336,1.0905902981758118,entropy,best,200,5,0.4
0.37498521898412973,0.5181151032447815,entropy,random,200,5,0.4
0.37192133482600354,1.0188036561012268,entropy,best,200,10,0.4
0.3804628126819127,0.4423232674598694,entropy,random,200,10,0.4
0.3687253920119023,2.0936901569366455,entropy,best,200,2,0.8
0.380567205334959,0.9524794816970825,entropy,random,200,2,0.8
0.36785368736074575,1.9964401125907898,entropy,best,200,5,0.8
0.3856477916830731,0.857750654220581,entropy,random,200,5,0.8
0.3736928442511903,1.9039580821990967,entropy,best,200,10,0.8
0.3855760487951197,0.7597516179084778,entropy,random,200,10,0.8
